threshold,n,accuracy,e_accuracy
40,40,0.375,0.55
60,149,0.4966442953020134,0.738255033557047
80,197,0.5279187817258884,0.766497461928934
90,222,0.536036036036036,0.7837837837837838
99,247,0.5384615384615384,0.7894736842105263
100,2354,0.6091758708581139,0.8802039082412915
