threshold,n,accuracy,e_accuracy
40,61,0.4098360655737705,0.6065573770491803
60,192,0.4375,0.7083333333333334
80,259,0.4555984555984556,0.7451737451737451
90,274,0.4635036496350365,0.7481751824817519
99,314,0.4840764331210191,0.7707006369426752
100,2353,0.6119847003824904,0.8822779430514237
