threshold,n,accuracy,e_accuracy
40,43,0.5348837209302325,0.7906976744186046
60,162,0.5061728395061729,0.7716049382716049
80,207,0.5410628019323671,0.8019323671497585
90,228,0.5394736842105263,0.8157894736842105
99,260,0.5384615384615384,0.8038461538461539
100,2353,0.6221844453888653,0.8903527411814705
