threshold,n,accuracy,e_accuracy
40,39,0.5641025641025641,0.717948717948718
60,186,0.489247311827957,0.7311827956989247
80,244,0.5122950819672131,0.7663934426229508
90,262,0.5152671755725191,0.767175572519084
99,298,0.5268456375838926,0.7718120805369127
100,2354,0.6151231945624469,0.8887000849617672
