threshold,n,accuracy,e_accuracy
40,51,0.43137254901960786,0.6862745098039216
60,163,0.4723926380368098,0.7177914110429447
80,224,0.5,0.75
90,237,0.5063291139240507,0.7426160337552743
99,256,0.5234375,0.75390625
100,2354,0.6346644010195412,0.8882752761257434
