threshold,n,accuracy,e_accuracy
40,38,0.5,0.868421052631579
60,142,0.6619718309859155,0.9084507042253521
80,201,0.681592039800995,0.9154228855721394
90,219,0.6666666666666666,0.91324200913242
99,244,0.6557377049180327,0.9180327868852459
100,2353,0.6277093072673183,0.9179770505737357
