threshold,n,accuracy,e_accuracy
40,51,0.5294117647058824,0.8235294117647058
60,175,0.5657142857142857,0.8342857142857143
80,244,0.5778688524590164,0.8524590163934426
90,263,0.5855513307984791,0.8517110266159695
99,297,0.6060606060606061,0.8653198653198653
100,2354,0.6346644010195412,0.9163126593033135
