threshold,n,accuracy,e_accuracy
40,42,0.5476190476190477,0.8333333333333334
60,172,0.6627906976744186,0.9127906976744186
80,236,0.635593220338983,0.9110169491525424
90,259,0.6254826254826255,0.9034749034749034
99,293,0.6382252559726962,0.9044368600682594
100,2353,0.6149596260093497,0.9213769655758606
