threshold,n,accuracy,e_accuracy
40,48,0.4583333333333333,0.875
60,156,0.5128205128205128,0.8397435897435898
80,206,0.5097087378640777,0.8349514563106796
90,222,0.509009009009009,0.8333333333333334
99,254,0.515748031496063,0.8464566929133859
100,2354,0.5989804587935429,0.9222599830076466
