threshold,n,accuracy,e_accuracy
40,34,0.4411764705882353,0.9117647058823529
60,165,0.5151515151515151,0.8484848484848485
80,231,0.5064935064935064,0.8441558441558441
90,253,0.5098814229249012,0.841897233201581
99,278,0.5251798561151079,0.8489208633093526
100,2354,0.5985556499575191,0.9116397621070518
