threshold,n,accuracy,e_accuracy
40,38,0.39473684210526316,0.8421052631578947
60,142,0.5915492957746479,0.9084507042253521
80,201,0.6567164179104478,0.9303482587064676
90,219,0.6484018264840182,0.9360730593607306
99,244,0.6352459016393442,0.930327868852459
100,2353,0.6323841903952401,0.9256268593285167
