threshold,n,accuracy,e_accuracy
40,51,0.5098039215686274,0.8823529411764706
60,175,0.5257142857142857,0.8457142857142858
80,244,0.5409836065573771,0.8483606557377049
90,263,0.5513307984790875,0.8555133079847909
99,297,0.5757575757575758,0.8686868686868687
100,2354,0.635089209855565,0.9180118946474086
