threshold,n,accuracy,e_accuracy
40,42,0.6904761904761905,0.8333333333333334
60,172,0.6918604651162791,0.872093023255814
80,236,0.6864406779661016,0.8898305084745762
90,259,0.6718146718146718,0.8841698841698842
99,293,0.6928327645051194,0.89419795221843
100,2353,0.6285592860178496,0.9205269868253294
