threshold,n,accuracy,e_accuracy
40,34,0.5,0.9705882352941176
60,165,0.5151515151515151,0.8484848484848485
80,231,0.5151515151515151,0.8354978354978355
90,253,0.5296442687747036,0.83399209486166
99,278,0.539568345323741,0.8345323741007195
100,2354,0.6240441801189465,0.9248088360237893
