threshold,n,accuracy,e_accuracy
40,48,0.4791666666666667,0.7916666666666666
60,156,0.5448717948717948,0.8205128205128205
80,206,0.5631067961165048,0.8349514563106796
90,222,0.5585585585585585,0.8378378378378378
99,254,0.5669291338582677,0.8503937007874016
100,2354,0.6236193712829227,0.9265080713678845
