accuracy,precision,recall,f1,mcc,auc_pr,e_accuracy,n_samples,fold_idx
0.5356839422259984,0.5374563304035661,0.5356839422259984,0.5348750994246868,0.42014305422446396,,0.8780798640611724,2354,1
0.5420560747663551,0.5408857101730851,0.5420560747663551,0.5384839112455561,0.42620584495663943,,0.8882752761257434,2354,2
0.516142735768904,0.5136625686511168,0.516142735768904,0.5137262070365387,0.39676832335681544,,0.8683092608326253,2354,3
0.5299617509562261,0.5334864675109593,0.5299617509562261,0.528908883766282,0.4138710518966502,,0.8848278793030174,2353,4
0.5350616234594135,0.5337176266708605,0.5350616234594135,0.5332865185321229,0.4181043937002203,,0.8661283467913302,2353,5
