Metric,Mean,Std,Min,Max
accuracy,0.5317812254353795,0.009739578850582624,0.516142735768904,0.5420560747663551
precision,0.5318417406819176,0.010606877158366885,0.5136625686511168,0.5408857101730851
recall,0.5317812254353795,0.009739578850582624,0.516142735768904,0.5420560747663551
f1,0.5298561240010373,0.009649713972739548,0.5137262070365387,0.5384839112455561
mcc,0.4150185336269579,0.011127961041437947,0.39676832335681544,0.42620584495663943
auc_pr,,,,
e_accuracy,0.8771241254227778,0.009787982525104474,0.8661283467913302,0.8882752761257434
n_samples,2353.6,0.5477225575051661,2353.0,2354.0
