threshold,n,accuracy,e_accuracy
40,61,0.2786885245901639,0.5901639344262295
60,192,0.296875,0.6979166666666666
80,259,0.3204633204633205,0.7258687258687259
90,274,0.34306569343065696,0.7335766423357665
99,314,0.3630573248407643,0.7547770700636943
100,2353,0.540161495962601,0.8759031024224394
