threshold,n,accuracy,e_accuracy
40,39,0.41025641025641024,0.7435897435897436
60,186,0.3817204301075269,0.8118279569892473
80,244,0.3729508196721312,0.8073770491803278
90,262,0.38549618320610685,0.8091603053435115
99,298,0.3959731543624161,0.8154362416107382
100,2354,0.5501274426508072,0.8878504672897196
