threshold,n,accuracy,e_accuracy
40,51,0.19607843137254902,0.6078431372549019
60,163,0.2883435582822086,0.6932515337423313
80,224,0.3125,0.7366071428571429
90,237,0.32489451476793246,0.729957805907173
99,256,0.34765625,0.7421875
100,2354,0.5339847068819031,0.862786745964316
