threshold,n,accuracy,e_accuracy
40,43,0.32558139534883723,0.7674418604651163
60,162,0.3333333333333333,0.7962962962962963
80,207,0.3333333333333333,0.7874396135265701
90,228,0.34210526315789475,0.793859649122807
99,260,0.3730769230769231,0.8
100,2353,0.5580110497237569,0.8793030174245644
