threshold,n,accuracy,e_accuracy
40,40,0.325,0.575
60,149,0.35570469798657717,0.7449664429530202
80,197,0.38578680203045684,0.751269035532995
90,222,0.38738738738738737,0.7522522522522522
99,247,0.41295546558704455,0.7611336032388664
100,2354,0.5441801189464741,0.8691588785046729
