accuracy,precision,recall,f1,mcc,auc_pr,e_accuracy,n_samples,fold,feature_mode
0.5289621882542237,0.5358245246765864,0.5289621882542237,0.5297681314507621,0.4231024568852561,0.5711244656327703,0.8656476267095736,2486,1,sequence
0.5430410297666934,0.5437616297738241,0.5430410297666934,0.5418445112600231,0.4378570989913666,0.5846302693616383,0.8592115848753017,2486,2,sequence
0.5345937248592116,0.5330425089220808,0.5345937248592116,0.5324760262692085,0.43017474141958906,0.5849378224637091,0.8612228479485117,2486,3,sequence
0.5416498993963783,0.5422798053774174,0.5416498993963783,0.5417693454186893,0.43921673808133344,0.5862647293794833,0.8583501006036217,2485,4,sequence
0.5396378269617707,0.5408003832844228,0.5396378269617707,0.5393461420879921,0.4367258080004859,0.5963587271026385,0.8591549295774648,2485,5,sequence
