threshold,n,accuracy,e_accuracy
40,39,0.5897435897435898,0.8205128205128205
60,186,0.5268817204301075,0.7903225806451613
80,244,0.5245901639344263,0.7991803278688525
90,262,0.5267175572519084,0.7977099236641222
99,298,0.540268456375839,0.7986577181208053
100,2354,0.632965165675446,0.9065420560747663
