threshold,n,accuracy,e_accuracy
40,43,0.4418604651162791,0.7441860465116279
60,162,0.4382716049382716,0.7283950617283951
80,207,0.48792270531400966,0.7536231884057971
90,228,0.5043859649122807,0.7675438596491229
99,260,0.5230769230769231,0.7807692307692308
100,2353,0.6447088822779431,0.8954526136846579
