threshold,n,accuracy,e_accuracy
40,40,0.375,0.575
60,149,0.48322147651006714,0.7651006711409396
80,197,0.5177664974619289,0.7868020304568528
90,222,0.527027027027027,0.7972972972972973
99,247,0.5384615384615384,0.8016194331983806
100,2354,0.6359388275276125,0.8954970263381479
