threshold,n,accuracy,e_accuracy
40,51,0.5098039215686274,0.7058823529411765
60,163,0.49693251533742333,0.7361963190184049
80,224,0.5,0.7633928571428571
90,237,0.510548523206751,0.759493670886076
99,256,0.52734375,0.76953125
100,2354,0.6457094307561597,0.9005947323704333
