threshold,n,accuracy,e_accuracy
40,61,0.4918032786885246,0.639344262295082
60,192,0.4791666666666667,0.7239583333333334
80,259,0.4749034749034749,0.7413127413127413
90,274,0.4927007299270073,0.7481751824817519
99,314,0.5254777070063694,0.7707006369426752
100,2353,0.6340841478963026,0.894177645558861
