model_name,n_folds,accuracy_mean,accuracy_std,e_accuracy_mean,e_accuracy_std,mcc_mean,mcc_std,f1_mean,f1_std,n_eval_mean,n_eval_std,mae_mean,mae_std,rmse_mean,rmse_std,pcc_mean,pcc_std,spearman_mean,spearman_std,r2_mean,r2_std
CatRange,5,0.6379096309113621,0.0052152443931202,0.8998574584606448,0.0049065127678647,0.5496765833959503,0.0070086371463184,0.638606416955154,0.0045802943988555,2348.6,2.3021728866442674,,,,,,,,,,
CatPred,5,0.4936583947877674,0.0036686827405464,0.8912572489769627,0.0049196651647121,0.3586190452992699,0.004313769367824,0.4901377414334827,0.0033144891287863,2348.6,2.3021728866442674,0.6760906286016947,0.0122198783029751,0.966949973155835,0.0278462247807524,0.7690138819169009,0.0126099197239386,0.7585178521259157,0.0090382729025756,0.5884854047802524,0.0208056936681248
EITLEM-Kinetics,5,0.4825020570685194,0.0209534658951711,0.8978184585235383,0.0139186218027349,0.3425163333845913,0.027904937123589,0.4758631590813095,0.0232736534288862,2348.6,2.3021728866442674,0.6850470625835705,0.0324473843706206,0.9649466358288488,0.0528873551886459,0.7696044707608852,0.0264287329484768,0.7604853323864239,0.0229028922340895,0.5894641632287544,0.0435864287733222
UniKP,5,0.5411744255219071,0.0078054215460448,0.9116939189752435,0.0032979420633206,0.4172881768864429,0.0103139111238426,0.534775453593949,0.0091933492372755,2348.6,2.3021728866442674,0.5979352660095372,0.0148821596155995,0.8753301656058484,0.0342469901763732,0.8149153844698157,0.0152156601043133,0.8099197005520672,0.0097453499935275,0.6626470691737999,0.0236933975215694
DLKcat,5,0.356407301312129,0.0719338578874296,0.7933143063389065,0.055207093161459,0.1578799336504346,0.1064999508685133,0.3197352273920933,0.0903459527643714,2336.4,4.8270073544588685,0.951492145583828,0.1432918699143557,1.2739926415568188,0.1554663135772514,0.5133580669445299,0.1363604139188596,0.494376991513217,0.1408474273886025,0.2760685968518487,0.1635195331336965
