model_name,parameter,matched_rows,truth_rows,comparison_rows,prediction_rows,raw_evaluable_rows,coverage_vs_truth,comparison_fraction,unmatched_truth_rows,extra_prediction_rows,accuracy,precision,recall,f1,mcc,auc_pr,e_accuracy,n_samples
RealKcat,kcat,2338,2354,2338,2354,2354,1.0,0.9932030586236194,0,0,0.6364414029084687,0.6418015785783946,0.6364414029084687,0.6376513628436783,0.5473839185872826,0.1919616257638784,0.8960650128314799,2338
CatPred,kcat,2338,2354,2338,2349,2349,0.9978759558198811,0.9932030586236194,5,0,0.4704875962360992,0.4799926428512716,0.4704875962360992,0.4631355108779709,0.3346527370515603,,0.8331907613344739,2338
DLKcat,kcat,2338,2354,2338,2354,2343,0.9953271028037384,0.9932030586236194,11,11,0.4007698887938409,0.42385930980692577,0.4007698887938409,0.39059390485258555,0.23107954663930028,,0.7972626176218991,2338
