model_name,parameter,matched_rows,truth_rows,comparison_rows,prediction_rows,raw_evaluable_rows,coverage_vs_truth,comparison_fraction,unmatched_truth_rows,extra_prediction_rows,accuracy,precision,recall,f1,mcc,auc_pr,e_accuracy,n_samples,set_name,comparison_group,fold,seqid_threshold
RealKcat,kcat,2330,2353,2330,2353,2353,1.0,0.9902252443688908,0,0,0.6360515021459228,0.6383709429923623,0.6360515021459228,0.6370004606226137,0.5480674382448568,0.1949750655874497,0.8948497854077253,2330,fold5_test,fold_test,5,100
CatPred,kcat,2330,2353,2330,2350,2350,0.9987250318742031,0.9902252443688908,3,0,0.46051502145922746,0.4690148946051289,0.46051502145922746,0.45423473041621404,0.3204400600443489,,0.8231759656652361,2330,fold5_test,fold_test,5,100
DLKcat,kcat,2330,2353,2330,2353,2333,0.9915002124946877,0.9902252443688908,20,20,0.41416309012875535,0.4286422438380405,0.41416309012875535,0.4014857778493816,0.248351680946145,,0.7965665236051502,2330,fold5_test,fold_test,5,100
